<?xml version="1.0" encoding="UTF-8"?>
<!DOCTYPE suite SYSTEM "http://testng.org/testng-1.0.dtd" >

<suite name="Automation Custom Suite">

 	<parameter name="browser" value="${browser}" />
	<parameter name="sheet" value="${sheet}" />
	<parameter name="url" value="${url}" /> 
	<parameter name="mail" value="${mail}" />  
	
	
	<listeners>
        <listener class-name="report.ExtentReporterNG" />
    </listeners>
    
	<test name="Dexter Desktop" allow-return-values="true">
		<classes>
			<class name="runTest.ExecuteTestCase" />
		</classes> 
	</test>
	
</suite>